[{"active":true,"visible":true,"collideBottom":true,"collideLeft":true,"collideRight":true,"collideTop":true,"on":true,"particleBringToTop":true,"radial":true,"frame":{"frames":["symbol_02"],"cycle":false,"quantity":1},"frequency":100,"gravityX":0,"gravityY":10,"maxParticles":10,"timeScale":1,"blendMode":0,"accelerationX":{"ease":"Linear","min":0,"max":0},"accelerationY":{"ease":"Linear","min":0,"max":0},"alpha":{"ease":"Linear","start":1,"end":0},"angle":{"min":0,"max":360,"ease":"Linear"},"bounce":"","delay":{"ease":"Linear","min":0,"max":2000},"lifespan":2000,"maxVelocityX":10,"maxVelocityY":10,"moveToX":0,"moveToY":0,"quantity":10,"rotate":{"start":0,"end":255,"ease":"Linear"},"scale":{"start":0,"end":1,"ease":"Linear"},"speed":1,"x":72,"y":75,"tint":[15238143],"emitZone":{"source":new Phaser.Geom.Circle(0,0,50),"type":"random"},"deathZone":{"source":new Phaser.Geom.Rectangle(15,15,100,100),"type":"onLeave"}}]